time,start_lat,start_long,end_long,end_lat
1,41.8955777,12.4985419,12.4918636,41.8942324
10,41.895705799999995,12.490470799999999,12.4785316,41.896051799999995